{
  "model": "distilbert-base-uncased",
  "timestamp": "2026-05-10T23:03:00.302774",
  "n_folds": 5,
  "device": "mps",
  "input_files": [
    "../MCQ/MCQ_MERGED_DATASET.json"
  ],
  "hyperparameters": {
    "epochs": 5,
    "batch_size": 16,
    "learning_rate": 2e-05,
    "max_length": 256,
    "patience": 2
  },
  "aggregated_metrics": {
    "f1": {
      "mean": 0.5878647493788056,
      "std": 0.05173993239329169,
      "per_fold": [
        0.6628787878787878,
        0.56,
        0.5945945945945946,
        0.5234567901234568,
        0.5983935742971888
      ]
    },
    "precision": {
      "mean": 0.5128421885241756,
      "std": 0.04918123498291587,
      "per_fold": [
        0.5756578947368421,
        0.47085201793721976,
        0.48639455782312924,
        0.47533632286995514,
        0.5559701492537313
      ]
    },
    "recall": {
      "mean": 0.6933978050822512,
      "std": 0.08246672775159265,
      "per_fold": [
        0.78125,
        0.6907894736842105,
        0.7647058823529411,
        0.5824175824175825,
        0.6478260869565218
      ]
    },
    "accuracy": {
      "mean": 0.579847677943768,
      "std": 0.03329416468671944,
      "per_fold": [
        0.5945330296127562,
        0.617169373549884,
        0.5278450363196125,
        0.5720620842572062,
        0.5876288659793815
      ]
    },
    "roc_auc": {
      "mean": 0.6147511698802816,
      "std": 0.03967185264520734,
      "per_fold": [
        0.592296511627907,
        0.6746840218826637,
        0.5959964033883868,
        0.5764737121614445,
        0.634305200341006
      ]
    },
    "fpr": {
      "mean": 0.518538313121119,
      "std": 0.109356070383981,
      "per_fold": [
        0.6,
        0.4229390681003584,
        0.668141592920354,
        0.4349442379182156,
        0.4666666666666667
      ]
    }
  }
}