{
  "model": "roberta-base",
  "timestamp": "2026-05-11T01:50:27.843940",
  "n_folds": 5,
  "device": "mps",
  "input_files": [
    "../MCQ/MCQ_MERGED_DATASET.json"
  ],
  "hyperparameters": {
    "epochs": 5,
    "batch_size": 16,
    "learning_rate": 2e-05,
    "max_length": 256,
    "patience": 2
  },
  "aggregated_metrics": {
    "f1": {
      "mean": 0.5870988146786212,
      "std": 0.051454759719010805,
      "per_fold": [
        0.6532846715328468,
        0.5259938837920489,
        0.5792811839323467,
        0.5537459283387622,
        0.6231884057971014
      ]
    },
    "precision": {
      "mean": 0.4901197390907536,
      "std": 0.06181386269856628,
      "per_fold": [
        0.5524691358024691,
        0.49142857142857144,
        0.479020979020979,
        0.39351851851851855,
        0.5341614906832298
      ]
    },
    "recall": {
      "mean": 0.7558817916838849,
      "std": 0.1326264484809837,
      "per_fold": [
        0.7991071428571429,
        0.5657894736842105,
        0.732620320855615,
        0.9340659340659341,
        0.7478260869565218
      ]
    },
    "accuracy": {
      "mean": 0.5378648863256231,
      "std": 0.09220269879398345,
      "per_fold": [
        0.5671981776765376,
        0.6403712296983759,
        0.5181598062953995,
        0.3924611973392461,
        0.5711340206185567
      ]
    },
    "roc_auc": {
      "mean": 0.5941429939534664,
      "std": 0.0781130863997061,
      "per_fold": [
        0.5914244186046511,
        0.6589558573853991,
        0.5944583786853438,
        0.4674108419461579,
        0.65846547314578
      ]
    },
    "fpr": {
      "mean": 0.6429840090209871,
      "std": 0.23386763786339046,
      "per_fold": [
        0.6744186046511628,
        0.31899641577060933,
        0.6592920353982301,
        0.9739776951672863,
        0.5882352941176471
      ]
    }
  }
}