{
  "model": "distilbert-base-uncased",
  "timestamp": "2026-05-09T18:33:41.342906",
  "n_folds": 5,
  "device": "mps",
  "hyperparameters": {
    "epochs": 5,
    "batch_size": 16,
    "learning_rate": 2e-05,
    "max_length": 128,
    "patience": 2
  },
  "aggregated_metrics": {
    "f1": {
      "mean": 0.4621778937303259,
      "std": 0.0868726198641709,
      "per_fold": [
        0.5168539325842697,
        0.53,
        0.32894736842105265,
        0.5164835164835165,
        0.4186046511627907
      ]
    },
    "precision": {
      "mean": 0.4664667982904275,
      "std": 0.0638351887953072,
      "per_fold": [
        0.4423076923076923,
        0.5578947368421052,
        0.4032258064516129,
        0.5053763440860215,
        0.4235294117647059
      ]
    },
    "recall": {
      "mean": 0.46920885905000587,
      "std": 0.13007441103839157,
      "per_fold": [
        0.6216216216216216,
        0.5047619047619047,
        0.2777777777777778,
        0.5280898876404494,
        0.41379310344827586
      ]
    },
    "accuracy": {
      "mean": 0.6406208706504184,
      "std": 0.05128966698243306,
      "per_fold": [
        0.5520833333333334,
        0.6618705035971223,
        0.6458333333333334,
        0.6834532374100719,
        0.6598639455782312
      ]
    },
    "roc_auc": {
      "mean": 0.6439774457351828,
      "std": 0.056396724262193575,
      "per_fold": [
        0.5566244210312007,
        0.6920451417561244,
        0.6186868686868686,
        0.6815884905772546,
        0.6709423066244655
      ]
    },
    "fpr": {
      "mean": 0.28025397926062856,
      "std": 0.12043257162467197,
      "per_fold": [
        0.4915254237288136,
        0.24277456647398843,
        0.18686868686868688,
        0.24338624338624337,
        0.23671497584541062
      ]
    }
  }
}