{
  "logreg": {
    "best_threshold_on_val": 0.4799999999999999,
    "val_f1_at_best_threshold": 0.2631578947368421,
    "test_at_threshold_0.5": {
      "threshold": 0.5,
      "f1": 0.2204724409448819,
      "precision": 0.13592233009708737,
      "recall": 0.5833333333333334,
      "accuracy": 0.6192307692307693
    },
    "test_at_tuned_threshold": {
      "threshold": 0.4799999999999999,
      "f1": 0.2097902097902098,
      "precision": 0.12605042016806722,
      "recall": 0.625,
      "accuracy": 0.5653846153846154
    },
    "test_roc_auc": 0.6385357815442562
  },
  "xgboost": {
    "best_threshold_on_val": 0.09999999999999999,
    "val_f1_at_best_threshold": 0.27751196172248804,
    "test_at_threshold_0.5": {
      "threshold": 0.5,
      "f1": 0.20155038759689922,
      "precision": 0.22807017543859648,
      "recall": 0.18055555555555555,
      "accuracy": 0.867948717948718
    },
    "test_at_tuned_threshold": {
      "threshold": 0.09999999999999999,
      "f1": 0.1952191235059761,
      "precision": 0.11395348837209303,
      "recall": 0.6805555555555556,
      "accuracy": 0.48205128205128206
    },
    "test_roc_auc": 0.6190756434400502
  },
  "svm-rbf": {
    "best_threshold_on_val": 0.09,
    "val_f1_at_best_threshold": 0.28346456692913385,
    "test_at_threshold_0.5": {
      "threshold": 0.5,
      "f1": 0.0,
      "precision": 0.0,
      "recall": 0.0,
      "accuracy": 0.9076923076923077
    },
    "test_at_tuned_threshold": {
      "threshold": 0.09,
      "f1": 0.19047619047619047,
      "precision": 0.11382113821138211,
      "recall": 0.5833333333333334,
      "accuracy": 0.5423076923076923
    },
    "test_roc_auc": 0.6355736032642813
  }
}