{
  "n_folds": 5,
  "total_samples": 2219,
  "n_questions": 117,
  "class_balance_flip": 0.4393871113114015,
  "features_used_for_logreg": [
    "len_chars",
    "len_words",
    "caps_ratio",
    "has_q",
    "has_excl",
    "starts_lower",
    "has_digit",
    "batch_A",
    "batch_B",
    "batch_C",
    "batch_D",
    "team_jay",
    "team_maha",
    "team_munera",
    "team_loly",
    "contains_wa"
  ],
  "baselines": {
    "majority_hold": {
      "f1": {
        "mean": 0.0,
        "std": 0.0,
        "per_fold": [
          0.0,
          0.0,
          0.0,
          0.0,
          0.0
        ]
      },
      "precision": {
        "mean": 0.0,
        "std": 0.0,
        "per_fold": [
          0.0,
          0.0,
          0.0,
          0.0,
          0.0
        ]
      },
      "recall": {
        "mean": 0.0,
        "std": 0.0,
        "per_fold": [
          0.0,
          0.0,
          0.0,
          0.0,
          0.0
        ]
      },
      "accuracy": {
        "mean": 0.5606209118612493,
        "std": 0.009727876692159415,
        "per_fold": [
          0.5752808988764045,
          0.5636363636363636,
          0.5563218390804597,
          0.5587583148558758,
          0.5491071428571429
        ]
      },
      "roc_auc": {
        "mean": null,
        "std": null,
        "per_fold": [
          null,
          null,
          null,
          null,
          null
        ]
      }
    },
    "random_prior": {
      "f1": {
        "mean": 0.4352599235133795,
        "std": 0.02416375525851294,
        "per_fold": [
          0.44501278772378516,
          0.45758354755784064,
          0.42297650130548303,
          0.4517766497461929,
          0.3989501312335958
        ]
      },
      "precision": {
        "mean": 0.4379553541047313,
        "std": 0.014989205081361888,
        "per_fold": [
          0.4306930693069307,
          0.4517766497461929,
          0.4263157894736842,
          0.4564102564102564,
          0.4245810055865922
        ]
      },
      "recall": {
        "mean": 0.43340441016440207,
        "std": 0.03633192485404723,
        "per_fold": [
          0.4603174603174603,
          0.4635416666666667,
          0.41968911917098445,
          0.4472361809045226,
          0.37623762376237624
        ]
      },
      "accuracy": {
        "mean": 0.5069343412542482,
        "std": 0.015521964808012982,
        "per_fold": [
          0.5123595505617977,
          0.5204545454545455,
          0.49195402298850577,
          0.5210643015521065,
          0.4888392857142857
        ]
      },
      "roc_auc": {
        "mean": 0.5,
        "std": 0.0,
        "per_fold": [
          0.5,
          0.5,
          0.5,
          0.5,
          0.5
        ]
      }
    },
    "logreg_hand_features": {
      "f1": {
        "mean": 0.5349161709836558,
        "std": 0.055731673995378116,
        "per_fold": [
          0.4666666666666667,
          0.6167400881057269,
          0.5181058495821727,
          0.5563218390804597,
          0.5167464114832536
        ]
      },
      "precision": {
        "mean": 0.5120080583416659,
        "std": 0.04025995113108461,
        "per_fold": [
          0.4527363184079602,
          0.5343511450381679,
          0.5602409638554217,
          0.5127118644067796,
          0.5
        ]
      },
      "recall": {
        "mean": 0.5670414198947602,
        "std": 0.10439103447435585,
        "per_fold": [
          0.48148148148148145,
          0.7291666666666666,
          0.48186528497409326,
          0.6080402010050251,
          0.5346534653465347
        ]
      },
      "accuracy": {
        "mean": 0.5721195603794874,
        "std": 0.0318388208203478,
        "per_fold": [
          0.5325842696629214,
          0.6045454545454545,
          0.6022988505747127,
          0.5720620842572062,
          0.5491071428571429
        ]
      },
      "roc_auc": {
        "mean": 0.6089734957294338,
        "std": 0.03631596539333842,
        "per_fold": [
          0.5656518683862434,
          0.6627289146505376,
          0.6166659529824863,
          0.6118588976629178,
          0.5879618449649843
        ]
      }
    },
    "logreg_tfidf": {
      "f1": {
        "mean": 0.5520058442411688,
        "std": 0.04054079053222103,
        "per_fold": [
          0.5390428211586902,
          0.5698630136986301,
          0.5721925133689839,
          0.4876712328767123,
          0.5912596401028277
        ]
      },
      "precision": {
        "mean": 0.5715714415254105,
        "std": 0.043771242621477205,
        "per_fold": [
          0.5144230769230769,
          0.6011560693641619,
          0.5911602209944752,
          0.536144578313253,
          0.6149732620320856
        ]
      },
      "recall": {
        "mean": 0.535750297895909,
        "std": 0.05066347801116865,
        "per_fold": [
          0.5661375661375662,
          0.5416666666666666,
          0.5544041450777202,
          0.4472361809045226,
          0.5693069306930693
        ]
      },
      "accuracy": {
        "mean": 0.6189169821088875,
        "std": 0.029515508251815703,
        "per_fold": [
          0.5887640449438202,
          0.6431818181818182,
          0.632183908045977,
          0.5853658536585366,
          0.6450892857142857
        ]
      },
      "roc_auc": {
        "mean": 0.6501686658123209,
        "std": 0.03353539043405414,
        "per_fold": [
          0.6437251984126984,
          0.6823126680107527,
          0.6599366248447738,
          0.5956967376565367,
          0.6691721001368429
        ]
      }
    },
    "logreg_combined": {
      "f1": {
        "mean": 0.5724643957768821,
        "std": 0.05335734011894597,
        "per_fold": [
          0.5614035087719298,
          0.6503667481662592,
          0.5424657534246575,
          0.5115089514066496,
          0.5965770171149144
        ]
      },
      "precision": {
        "mean": 0.5664046536996568,
        "std": 0.03854959589419206,
        "per_fold": [
          0.5333333333333333,
          0.6129032258064516,
          0.5755813953488372,
          0.5208333333333334,
          0.5893719806763285
        ]
      },
      "recall": {
        "mean": 0.5809454505310496,
        "std": 0.07734812018834683,
        "per_fold": [
          0.5925925925925926,
          0.6927083333333334,
          0.5129533678756477,
          0.5025125628140703,
          0.6039603960396039
        ]
      },
      "accuracy": {
        "mean": 0.6212053259371549,
        "std": 0.03618749944828307,
        "per_fold": [
          0.6067415730337079,
          0.675,
          0.6160919540229886,
          0.5764966740576497,
          0.6316964285714286
        ]
      },
      "roc_auc": {
        "mean": 0.6556135072790128,
        "std": 0.03578287002490109,
        "per_fold": [
          0.6396639384920635,
          0.7122605846774194,
          0.6595726459127307,
          0.6153186567759432,
          0.6512517105369073
        ]
      }
    }
  }
}