{
  "model": "logreg",
  "timestamp": "2026-05-17T12:44:59.775208",
  "device": "cpu",
  "config": {
    "n_outer_folds": 5,
    "n_inner_folds": 3,
    "n_trials": 30,
    "seed": 42
  },
  "feature_names": [
    "sbert_pc_00",
    "sbert_pc_01",
    "sbert_pc_02",
    "sbert_pc_03",
    "sbert_pc_04",
    "sbert_pc_05",
    "sbert_pc_06",
    "sbert_pc_07",
    "sbert_pc_08",
    "sbert_pc_09",
    "sbert_pc_10",
    "sbert_pc_11",
    "sbert_pc_12",
    "sbert_pc_13",
    "sbert_pc_14",
    "sbert_pc_15",
    "sbert_pc_16",
    "sbert_pc_17",
    "sbert_pc_18",
    "sbert_pc_19",
    "sbert_pc_20",
    "sbert_pc_21",
    "sbert_pc_22",
    "sbert_pc_23",
    "sbert_pc_24",
    "sbert_pc_25",
    "sbert_pc_26",
    "sbert_pc_27",
    "sbert_pc_28",
    "sbert_pc_29",
    "sbert_pc_30",
    "sbert_pc_31",
    "sbert_pc_32",
    "sbert_pc_33",
    "sbert_pc_34",
    "sbert_pc_35",
    "sbert_pc_36",
    "sbert_pc_37",
    "sbert_pc_38",
    "sbert_pc_39",
    "sbert_pc_40",
    "sbert_pc_41",
    "sbert_pc_42",
    "sbert_pc_43",
    "sbert_pc_44",
    "sbert_pc_45",
    "sbert_pc_46",
    "sbert_pc_47",
    "sbert_pc_48",
    "sbert_pc_49",
    "sbert_pc_50",
    "sbert_pc_51",
    "sbert_pc_52",
    "sbert_pc_53",
    "sbert_pc_54",
    "sbert_pc_55",
    "sbert_pc_56",
    "sbert_pc_57",
    "sbert_pc_58",
    "sbert_pc_59"
  ],
  "n_features": 60,
  "n_samples": 4797,
  "n_questions": 253,
  "class_balance_flip": 0.44777986241400874,
  "cv_summary": {
    "f1": {
      "mean": 0.6196670613336039,
      "std": 0.016794742613844497,
      "per_fold": [
        0.5936285936285937,
        0.6359048305695746,
        0.6327272727272727,
        0.6157237325495959,
        0.6203508771929824
      ]
    },
    "precision": {
      "mean": 0.45188368328001294,
      "std": 0.01601794753206637,
      "per_fold": [
        0.4282511210762332,
        0.4701492537313433,
        0.4627659574468085,
        0.4486081370449679,
        0.4496439471007121
      ]
    },
    "recall": {
      "mean": 0.9861071745319279,
      "std": 0.014023010750429799,
      "per_fold": [
        0.9670886075949368,
        0.9821826280623608,
        1.0,
        0.9812646370023419,
        1.0
      ]
    },
    "accuracy": {
      "mean": 0.4585160312868869,
      "std": 0.013849204042238763,
      "per_fold": [
        0.44243070362473347,
        0.478844169246646,
        0.463336875664187,
        0.4500525762355415,
        0.45791583166332667
      ]
    },
    "roc_auc": {
      "mean": 0.5990397935748072,
      "std": 0.03913210169503225,
      "per_fold": [
        0.5662493880690957,
        0.5920806921363715,
        0.6285811639634729,
        0.5589949407369004,
        0.6492927829681956
      ]
    },
    "fpr": {
      "mean": 0.9697730951471992,
      "std": 0.022957509686624678,
      "per_fold": [
        0.9392265193370166,
        0.9557692307692308,
        0.9980237154150198,
        0.982824427480916,
        0.9730215827338129
      ]
    },
    "best_inner_f1": {
      "mean": 0.5472346453218053,
      "std": 0.009396643780468969,
      "per_fold": [
        0.5557578127168142,
        0.5382559212664882,
        0.5373893495472509,
        0.5573821786980019,
        0.5473879643804713
      ]
    }
  },
  "fold_results": [
    {
      "fold": 1,
      "best_params": {
        "C": 0.0010694679681521348,
        "penalty": "l2"
      },
      "best_inner_f1": 0.5557578127168142,
      "tuned_threshold": 0.37000000000000005,
      "tuned_inner_f1": 0.6253428414701042,
      "f1": 0.5936285936285937,
      "f1_at_0.5": 0.49338146811071,
      "precision": 0.4282511210762332,
      "recall": 0.9670886075949368,
      "accuracy": 0.44243070362473347,
      "roc_auc": 0.5662493880690957,
      "fpr": 0.9392265193370166,
      "confusion_matrix": [
        [
          33,
          510
        ],
        [
          13,
          382
        ]
      ]
    },
    {
      "fold": 2,
      "best_params": {
        "C": 0.0014278983761735185,
        "penalty": "l2"
      },
      "best_inner_f1": 0.5382559212664882,
      "tuned_threshold": 0.33,
      "tuned_inner_f1": 0.6176416651384559,
      "f1": 0.6359048305695746,
      "f1_at_0.5": 0.5218365061590146,
      "precision": 0.4701492537313433,
      "recall": 0.9821826280623608,
      "accuracy": 0.478844169246646,
      "roc_auc": 0.5920806921363715,
      "fpr": 0.9557692307692308,
      "confusion_matrix": [
        [
          23,
          497
        ],
        [
          8,
          441
        ]
      ]
    },
    {
      "fold": 3,
      "best_params": {
        "C": 0.0014885221560888284,
        "penalty": "l2"
      },
      "best_inner_f1": 0.5373893495472509,
      "tuned_threshold": 0.28,
      "tuned_inner_f1": 0.615301724137931,
      "f1": 0.6327272727272727,
      "f1_at_0.5": 0.610655737704918,
      "precision": 0.4627659574468085,
      "recall": 1.0,
      "accuracy": 0.463336875664187,
      "roc_auc": 0.6285811639634729,
      "fpr": 0.9980237154150198,
      "confusion_matrix": [
        [
          1,
          505
        ],
        [
          0,
          435
        ]
      ]
    },
    {
      "fold": 4,
      "best_params": {
        "C": 0.0014278983761735185,
        "penalty": "l2"
      },
      "best_inner_f1": 0.5573821786980019,
      "tuned_threshold": 0.33,
      "tuned_inner_f1": 0.6187206360679436,
      "f1": 0.6157237325495959,
      "f1_at_0.5": 0.5414141414141415,
      "precision": 0.4486081370449679,
      "recall": 0.9812646370023419,
      "accuracy": 0.4500525762355415,
      "roc_auc": 0.5589949407369004,
      "fpr": 0.982824427480916,
      "confusion_matrix": [
        [
          9,
          515
        ],
        [
          8,
          419
        ]
      ]
    },
    {
      "fold": 5,
      "best_params": {
        "C": 0.030949349266156764,
        "penalty": "l1"
      },
      "best_inner_f1": 0.5473879643804713,
      "tuned_threshold": 0.26000000000000006,
      "tuned_inner_f1": 0.6208151382823872,
      "f1": 0.6203508771929824,
      "f1_at_0.5": 0.5477560414269275,
      "precision": 0.4496439471007121,
      "recall": 1.0,
      "accuracy": 0.45791583166332667,
      "roc_auc": 0.6492927829681956,
      "fpr": 0.9730215827338129,
      "confusion_matrix": [
        [
          15,
          541
        ],
        [
          0,
          442
        ]
      ]
    }
  ],
  "oof_confusion_matrix": [
    [
      81,
      2568
    ],
    [
      29,
      2119
    ]
  ],
  "oof_roc_auc": 0.5997077003865694
}