{
  "model": "bert-base-uncased",
  "timestamp": "2026-05-11T00:26:17.501340",
  "n_folds": 5,
  "device": "mps",
  "input_files": [
    "../MCQ/MCQ_MERGED_DATASET.json"
  ],
  "hyperparameters": {
    "epochs": 5,
    "batch_size": 16,
    "learning_rate": 2e-05,
    "max_length": 256,
    "patience": 2
  },
  "aggregated_metrics": {
    "f1": {
      "mean": 0.5500956029263541,
      "std": 0.038029307163740235,
      "per_fold": [
        0.5721040189125296,
        0.5380116959064327,
        0.6013071895424836,
        0.5013192612137203,
        0.5377358490566038
      ]
    },
    "precision": {
      "mean": 0.5338932074029475,
      "std": 0.05963802750966927,
      "per_fold": [
        0.6080402010050251,
        0.4842105263157895,
        0.5073529411764706,
        0.48223350253807107,
        0.5876288659793815
      ]
    },
    "recall": {
      "mean": 0.5802079679305752,
      "std": 0.09702928006304527,
      "per_fold": [
        0.5401785714285714,
        0.6052631578947368,
        0.7379679144385026,
        0.521978021978022,
        0.4956521739130435
      ]
    },
    "accuracy": {
      "mean": 0.5909636536785338,
      "std": 0.027827464744931592,
      "per_fold": [
        0.5876993166287016,
        0.6334106728538283,
        0.5569007263922519,
        0.5809312638580931,
        0.5958762886597938
      ]
    },
    "roc_auc": {
      "mean": 0.6181046052610022,
      "std": 0.030550981370189304,
      "per_fold": [
        0.6164244186046511,
        0.6694727409922655,
        0.605413846954711,
        0.5885044323706035,
        0.6107075873827792
      ]
    },
    "fpr": {
      "mean": 0.39997463565467306,
      "std": 0.11051650476367993,
      "per_fold": [
        0.3627906976744186,
        0.35125448028673834,
        0.5929203539823009,
        0.379182156133829,
        0.3137254901960784
      ]
    }
  }
}